name,category
1-(4-methoxybenzoyl)-2-pyrrolidinone,nootropic
1-benzoyl-4-propanoylpiperazine,nootropic
2-(Dimethylamino)ethanol,nootropic
2-[(diphenylmethyl)sulfinyl]acetamide,nootropic
2-benzhydrylsulfinyl-N-hydroxyacetamide,nootropic
2-oxo-1-pyrrolidine acetamide,nootropic
4-amino-3-phenylbutyric acid,nootropic
4-hydroxy-2-oxopyrrolidine-N-acetamide,nootropic
4-phenyl-2-oxopyrrolidine-1-acetamide,nootropic
5-oxo-D-prolinepiperidinamide monohydrate,nootropic
"7-chloro-3-methyl-3,4-dihydro-2H-1,2,4-benzothiadiazine S,S-dioxide",nootropic
9-Fluorenol,nootropic
9-Me-BC,nootropic
9-methyl-β-carboline,nootropic
AMPA Receptor Positive Allosteric Modulator,nootropic
Adrafinil,nootropic
Ampalex,nootropic
Angiotensin Receptor Modulator,nootropic
Aniracetam,nootropic
Arctic Root,nootropic
Armodafinil,nootropic
Asian Ginseng,nootropic
Atypical Antidepressant,nootropic
BCI-540,nootropic
BDNF Enhancer,nootropic
BDP-12,nootropic
Bearded Tooth Mushroom,nootropic
Bromantane,nootropic
C21,nootropic
"CRL-40,940",nootropic
CX-516,nootropic
CX-546,nootropic
Caffeine,nootropic
Carphedon,nootropic
Choline Alfoscerate,nootropic
Citicoline,nootropic
Coaxil,nootropic
Cognitive Enhancer,nootropic
Coluracetam,nootropic
Compound 21,nootropic
Curcumin Derivative,nootropic
Cytidine 5-diphosphocholine,nootropic
DM-232,nootropic
DM-235,nootropic
DM-9384,nootropic
DMAE p-Chlorophenoxyacetate,nootropic
Depression Treatment,nootropic
Diferuloylmethane,nootropic
Dimethylaminoethanol,nootropic
Dopamine Enhancement,nootropic
Draganon,nootropic
EGb 761,nootropic
Emoxypine,nootropic
Farampator,nootropic
Fasoracetam,nootropic
Flmodafinil,nootropic
Fluorenol,nootropic
Galantamine,nootropic
Golden Root,nootropic
Hericium erinaceus,nootropic
Huperzia serrata extract,nootropic
Hydrafinil,nootropic
IDRA-21,nootropic
J147,nootropic
Korean Ginseng,nootropic
L-Alpha glycerylphosphorylcholine,nootropic
Ladasten,nootropic
Lions Mane,nootropic
Lucidril,nootropic
Maidenhair Tree,nootropic
Memantine,nootropic
Memory Enhancement Drug,nootropic
Mexidol,nootropic
Modafinil,nootropic
"N-(2,3-dimethyl-5,6,7,8-tetrahydrofuro[2,3-b]quinolin-4-yl)-2-(2-oxopyrrolidin-1-yl)acetamide",nootropic
"N-(2,6-dimethylphenyl)-2-(2-oxo-1-pyrrolidinyl)acetamide",nootropic
"N-[(4S)-6-(4-fluorophenyl)-2,3-dihydroimidazo[1,2-a]pyrazin-7-yl]-N-methylacetamide",nootropic
N-[2-(diisopropylamino)ethyl]-2-oxo-1-pyrrolidineacetamide,nootropic
NMDA Receptor Antagonist,nootropic
NS-105,nootropic
Namenda,nootropic
Nefiracetam,nootropic
Neuractiv,nootropic
Neuroprotective Compound,nootropic
Nicotinoyl-GABA,nootropic
Nootropil,nootropic
Nuvigil,nootropic
Olmifon,nootropic
Oxiracetam,nootropic
PRL-8-53,nootropic
Phenibut,nootropic
Phenyl-piracetam hydrazide,nootropic
Phenylpiracetam,nootropic
Phenylpiracetam Derivative,nootropic
Picamilon,nootropic
Pikamilon,nootropic
Piracetam,nootropic
Positive Allosteric Modulator,nootropic
Pramiracetam,nootropic
Provigil,nootropic
Psychostimulant,nootropic
R-Modafinil,nootropic
RGPU-95,nootropic
Razadyne,nootropic
Reminyl,nootropic
Russian Nootropic,nootropic
Selagine,nootropic
Serine Phospholipid,nootropic
Sunifiram,nootropic
Tianeptine,nootropic
Turmeric Extract,nootropic
Unifiram,nootropic
VU0357017,nootropic
Water Hyssop,nootropic
bisfluoromodafinil,nootropic
β-phenyl-GABA,nootropic
ACE-031,peptide
ACVR2B,peptide
AOD-9604,peptide
Ac-Nle-cyclo[Asp-His-D-Phe-Arg-Trp-Lys]-NH2,peptide
Ac-SDKP-NH2,peptide
Ac-Ser-Tyr-Ser-Met-Glu-His-Phe-Arg-Trp-Gly-Lys-Pro-Val-NH2,peptide
Acetyl Hexapeptide-3,peptide
Acetyl Hexapeptide-8,peptide
Acetyl Octapeptide-3,peptide
Activin-binding Protein,peptide
Aib-His-D-2-Nal-D-Phe-Lys-NH2,peptide
Alanyl-glutamyl-aspartyl-glycine,peptide
Alpha-MSH,peptide
Alpha-MSH Fragment,peptide
Anti-Obesity Drug,peptide
Anti-wrinkle Peptide,peptide
Antimicrobial Peptide,peptide
Argireline,peptide
BPC-157,peptide
Body Protection Compound,peptide
Bremelanotide,peptide
CJC-1295,peptide
Cathelicidin,peptide
Cognitive Enhancement Peptide,peptide
Copper Peptide,peptide
Cycloprolylglycine,peptide
D-Ala-D-2-Nal-Ala-Trp-D-Phe-Lys-NH2,peptide
DAC:GRF,peptide
DSIP,peptide
Delta Sleep-inducing Peptide,peptide
Dihexa,peptide
Dipeptide Diaminobutyroyl Benzylamide Diacetate,peptide
Drug Affinity Complex,peptide
Egrifta,peptide
Epitalon,peptide
Epithalon,peptide
Examorelin,peptide
FST,peptide
FTS-Zn,peptide
Facteur Thymique Serique,peptide
Follistatin,peptide
Fragment 176-191,peptide
GHK-Cu,peptide
GHRH 1-29,peptide
GHRP-2,peptide
GHRP-6,peptide
GRF 1-29,peptide
GVS-111,peptide
Gly-His-Lys-Cu,peptide
Growth Hormone Releasing Factor,peptide
Growth Hormone Releasing Hormone,peptide
Growth Hormone Releasing Peptide-2,peptide
Growth Hormone Releasing Peptide-6,peptide
Hexarelin,peptide
Hippocampal Neurogenesis,peptide
His-D-2-methyl-Trp-Ala-Trp-D-Phe-Lys-NH2,peptide
His-D-Trp-Ala-Trp-D-Phe-Lys-NH2,peptide
IGF-1Ec,peptide
Ipamorelin,peptide
KPV,peptide
LL-37,peptide
Leuphasyl,peptide
Lysine-Proline-Valine,peptide
MEHFPGP,peptide
MT-II,peptide
Matrixyl,peptide
Mechano Growth Factor,peptide
Melanocortin Receptor Agonist,peptide
Melanocyte Stimulating Hormone,peptide
Melanotan II,peptide
Met-Glu-His-Phe-Pro-Gly-Pro,peptide
Modified GRF 1-29,peptide
N-hexanoic-Tyr-Ile-(6) aminohexanoic amide,peptide
N-phenylacetyl-L-prolylglycine ethyl ester,peptide
NNC 26-0161,peptide
NSI-189,peptide
Neurogenic Compound,peptide
Noopept,peptide
P21,peptide
PT-141,peptide
Pal-KTTKS,peptide
Palmitoyl Pentapeptide-4,peptide
Pegylated Mechano Growth Factor,peptide
Pentadecapeptide BPC 157,peptide
Pentapeptide-18,peptide
Pentapeptide-3,peptide
SNAP-8,peptide
Selank,peptide
Semax,peptide
Sermorelin,peptide
Syn-Ake,peptide
TB-500,peptide
TH9507,peptide
Tesamorelin,peptide
Thr-Lys-Pro-Arg-Pro-Gly-Pro,peptide
Thymosin Beta-4,peptide
Thymulin,peptide
Trp-Ala-Gly-Gly-Asp-Ala-Ser-Gly-Glu,peptide
Tβ4,peptide
hCAP18,peptide
hGH Fragment 176-191,peptide
AC-262536,sarm
ACP-105,sarm
Andarine,sarm
BMS-564929,sarm
Cardarine,sarm
Enobosarm,sarm
GLPG0492,sarm
GSK-2881078,sarm
GTx-024,sarm
GW-0742,sarm
GW-1516,sarm
GW-501516,sarm
Ibutamoren,sarm
JNJ-28330835,sarm
L-163191,sarm
LGD-2226,sarm
LGD-3303,sarm
LGD-4033,sarm
LY2452473,sarm
Ligandrol,sarm
MK-2866,sarm
MK-677,sarm
Myostatin Inhibitor,sarm
Nutrobal,sarm
OPK-88004,sarm
Ostarine,sarm
PF-06260414,sarm
RAD-140,sarm
RAD-150,sarm
REV-ERB Agonist,sarm
S-23,sarm
S-4,sarm
S-40503,sarm
S-40542,sarm
SR9009,sarm
SR9011,sarm
Selective Androgen Receptor Modulator,sarm
Stenabolic,sarm
TFM-4AS-1,sarm
TLB-150,sarm
Testolone,sarm
VK5211,sarm
YK-11,sarm
5-MTHF,supplement
ALA,supplement
Acai,supplement
Acetyl L-Carnitine,supplement
Acidophilus,supplement
Adaptogens,supplement
Adenosylcobalamin,supplement
Agaricus Blazei,supplement
Agmatine Sulfate,supplement
Akkermansia,supplement
Alanine,supplement
Alfalfa,supplement
Algae,supplement
Aloe Vera Juice & Supplements,supplement
Alpha Ketoglutaric Acid,supplement
Alpha Tocopherol,supplement
Alpha-GPC,supplement
American Ginseng,supplement
Amino Acid Blends,supplement
Amino Acids,supplement
Amla,supplement
Amylase,supplement
Andrographis,supplement
Animal Protein,supplement
Anthocyanins,supplement
Arachidonic Acid,supplement
Arginine,supplement
Arnica Montana,supplement
Artichoke Supplements,supplement
Ascorbic Acid,supplement
Ascorbyl Palmitate,supplement
Ashwagandha,supplement
Ashwagandha KSM-66,supplement
Asparagine,supplement
Aspartic Acid,supplement
Astaxanthin,supplement
Astragalus,supplement
Ayurvedic Herbs,supplement
BCAA,supplement
Bacopa,supplement
Bacopa Monnieri,supplement
Bamboo Extract,supplement
Banaba Leaf,supplement
Baobab,supplement
Beet,supplement
Belladonna,supplement
Berberine,supplement
Beta Alanine,supplement
Beta Carotene,supplement
Beta-Alanine,supplement
Betaine HCL,supplement
Bifidobacterium,supplement
Bilberry,supplement
Bioflavonoids,supplement
Biotin,supplement
Bitter Melon,supplement
Black Cohosh,supplement
Black Maca,supplement
Black Seed,supplement
Black Walnut Supplements,supplement
Blueberry Supplement,supplement
Bone Broth,supplement
Bone Broth Protein,supplement
Boron,supplement
Boswellia,supplement
Bovine Collagen,supplement
Brahmi,supplement
Broccoli Seed Extract,supplement
Bromelain,supplement
Burdock Root,supplement
Butcher's Broom,supplement
Butterbur,supplement
CDP-Choline,supplement
CLA,supplement
Cacao,supplement
Caffeine Anhydrous,supplement
Calcidiol,supplement
Calcium,supplement
Calcium Ascorbate,supplement
Calcium Carbonate,supplement
Calcium Citrate,supplement
Calcium Glycinate,supplement
Calcium Malate,supplement
Calcium Pantothenate,supplement
California Poppy,supplement
Camu Camu,supplement
Capric Acid,supplement
Caprylic Acid,supplement
Carnitine,supplement
Carnosine,supplement
Cascara Sagrada,supplement
Casein Protein,supplement
Cat's Claw,supplement
Catuaba,supplement
Cayenne Pepper Supplements,supplement
Celery Seed Supplements,supplement
Cellulase,supplement
Centrophenoxine,supplement
Chaga Mushroom,supplement
Chamomile,supplement
Chamomile Supplements,supplement
Chanca Piedra,supplement
Chicken Collagen,supplement
Children's Minerals,supplement
Chlorella,supplement
Chloride,supplement
Chlorophyll,supplement
Cholecalciferol,supplement
Choline,supplement
Chondroitin,supplement
Chromium,supplement
Chromium Picolinate,supplement
Chromium Polynicotinate,supplement
Cilantro Supplements,supplement
Cinnamon Supplements,supplement
Citrulline,supplement
Citrulline Malate,supplement
Clove Supplements,supplement
Cobalamin,supplement
Cobalt,supplement
Coconut Supplements,supplement
Collagen Protein,supplement
Comfrey,supplement
Conjugated Linoleic Acid,supplement
Copper,supplement
Copper Bisglycinate,supplement
Copper Gluconate,supplement
Cordyceps,supplement
Cranberry,supplement
Cranberry Supplements,supplement
Creatine,supplement
Creatine Ethyl Ester,supplement
Creatine HCL,supplement
Creatine Monohydrate,supplement
Curcumin,supplement
Cyanocobalamin,supplement
Cysteine,supplement
DGL Licorice,supplement
DHA,supplement
DIM,supplement
DMAA,supplement
DMAE,supplement
DMHA,supplement
Damiana,supplement
Dandelion Root,supplement
Devil's Claw,supplement
Digestive Enzymes,supplement
Diindolylmethane,supplement
Dong Quai,supplement
Dynamine,supplement
EGCG,supplement
EPA,supplement
Echinacea,supplement
Echinacea Supplements,supplement
Egg Protein,supplement
Elderberry,supplement
Elderberry Sambucus,supplement
Electrolytes & Hydration,supplement
Eleuthero,supplement
Ergocalciferol,supplement
Eria Jarensis,supplement
Essential Amino Acids,supplement
Exercise & Fitness Accessories,supplement
Eyebright,supplement
FOS,supplement
Fenugreek,supplement
Fenugreek Supplements,supplement
Ferrous Gluconate,supplement
Feverfew,supplement
Fisetin,supplement
Flower Essences,supplement
Flower Pollen Extract,supplement
Fluoride,supplement
Fo Ti,supplement
Folate,supplement
Folic Acid,supplement
Folinic Acid,supplement
Forskolin,supplement
GABA,supplement
GLA,supplement
GOS,supplement
Gamma Tocopherol,supplement
Garlic,supplement
Garlic Supplements,supplement
Ginger,supplement
Ginger Root Supplements,supplement
Ginkgo Biloba,supplement
Ginseng,supplement
Glucosamine,supplement
Glutamic Acid,supplement
Glutamine,supplement
Glutathione,supplement
Glycine,supplement
Goji Supplements,supplement
Goldenseal,supplement
Gotu Kola,supplement
Grape Seed Extract,supplement
Green Coffee Bean,supplement
Green Coffee Bean Extract,supplement
Green Tea,supplement
Green Tea Extract,supplement
Greens & Superfood Blends,supplement
Greens & Superfoods,supplement
Guarana,supplement
Guggul,supplement
Gymnema,supplement
HMB,supplement
Hawthorn,supplement
Heme Iron,supplement
Hemp Protein,supplement
Hemp Supplements,supplement
Herbal & Swedish Bitters,supplement
Herbal Formulas,supplement
Herbal Salve,supplement
Herbs,supplement
Hesperidin,supplement
Hibiscus Supplements,supplement
Histidine,supplement
Holy Basil,supplement
Hops,supplement
Hordenine,supplement
Horny Goat Weed,supplement
Horse Chestnut,supplement
Horsetail,supplement
Horsetail Extract,supplement
Huperzine A,supplement
Hyaluronic Acid,supplement
Hydroxycobalamin,supplement
Immediate Release Melatonin,supplement
Indole-3-Carbinol,supplement
Inositol Hexanicotinate,supplement
Inulin,supplement
Iodine,supplement
Iron,supplement
Iron Bisglycinate,supplement
Iron Fumarate,supplement
Iron Sulfate,supplement
Isoleucine,supplement
Jujube,supplement
Kanna,supplement
Kava,supplement
Kelp,supplement
Kigelia Africana,supplement
Kre-Alkalyn,supplement
L-Arginine,supplement
L-Carnitine,supplement
L-Citrulline,supplement
L-Glutamine,supplement
L-Methionine,supplement
L-Phenylalanine,supplement
L-Proline,supplement
L-Theanine,supplement
L-Tyrosine,supplement
Lactase,supplement
Lactobacillus,supplement
Lactobacillus Acidophilus,supplement
Laetrile,supplement
Lauric Acid,supplement
Lavender,supplement
Lemon Balm,supplement
Leucine,supplement
Licorice Root,supplement
Linoleic Acid,supplement
Lions Mane Mushroom,supplement
Lipase,supplement
Liposomal Vitamin C,supplement
Lithium,supplement
Lutein,supplement
Lycopene,supplement
Lysine,supplement
MCT Oil,supplement
MSM,supplement
Maca,supplement
Maca Root,supplement
Magnesium,supplement
Magnesium Ascorbate,supplement
Magnesium Bisglycinate,supplement
Magnesium Citrate,supplement
Magnesium Glycinate,supplement
Magnesium Malate,supplement
Magnesium Oxide,supplement
Magnesium Taurate,supplement
Magnesium Threonate,supplement
Magnolia Bark,supplement
Maitake,supplement
Manganese,supplement
Manganese Bisglycinate,supplement
Mangosteen,supplement
Maqui Berry,supplement
Marine Collagen,supplement
Marshmallow Root,supplement
Mass Gainers,supplement
Meal Replacements,supplement
Melatonin,supplement
Menaquinone,supplement
Metformin,supplement
Methionine,supplement
Methylcellulose,supplement
Methylcobalamin,supplement
Methylfolate,supplement
Milk Thistle,supplement
Minerals,supplement
Mixed Tocopherols,supplement
Molybdenum,supplement
Moringa,supplement
Mucuna,supplement
Mucuna Pruriens,supplement
Muira Puama,supplement
Mulberries,supplement
Mullein,supplement
Multimineral Supplements,supplement
Multivitamins,supplement
Muscle Recovery Supplements,supplement
Myristic Acid,supplement
N-Acetyl Cysteine,supplement
N-Acetyl Glucosamine,supplement
N-Acetyl Tyrosine,supplement
NAD+,supplement
NMN,supplement
Neem,supplement
Nettle,supplement
Niacin,supplement
Niacinamide,supplement
Nickel,supplement
Nicotinamide Riboside,supplement
Nicotinic Acid,supplement
Nitric Oxide Boosters,supplement
Nitric Oxide Supplements,supplement
Noni,supplement
Oleic Acid,supplement
Olive Leaf,supplement
Omega-3,supplement
Omega-6,supplement
Oregano Oil Supplements,supplement
Ornithine,supplement
Oyster Mushroom,supplement
PEA,supplement
PQQ,supplement
Palmitic Acid,supplement
Panax Ginseng,supplement
Pantethine,supplement
Pantothenic Acid,supplement
Papain,supplement
Parsley Supplements,supplement
Passion Flower Supplements,supplement
Passionflower,supplement
Pau D'Arco,supplement
Pea Protein,supplement
Peppermint Supplements,supplement
Pepsin,supplement
Phenylalanine,supplement
Phosphatidylcholine,supplement
Phosphatidylserine,supplement
Phosphorus,supplement
Phylloquinone,supplement
Phytonadione,supplement
Pine Bark Extract,supplement
Piperine,supplement
Plant Based Protein,supplement
Pomegranate Extract,supplement
Potassium,supplement
Potassium Citrate,supplement
Potassium Iodide,supplement
Pre-Workout Supplements,supplement
Prebiotics,supplement
Pregnenolone,supplement
Proanthocyanidins,supplement
Probiotics,supplement
Proline,supplement
Protease,supplement
Protein,supplement
Protein Blends,supplement
Psyllium Husk,supplement
Pterostilbene,supplement
Pumpkin Seed Oil,supplement
Pycnogenol,supplement
Pygeum,supplement
Pyridoxal 5-Phosphate,supplement
Pyridoxine,supplement
Pyridoxine HCL,supplement
Quercetin,supplement
Rauwolscine,supplement
Ready-to-Drink Protein,supplement
Red Clover,supplement
Red Maca,supplement
Red Raspberry,supplement
Red Yeast Rice,supplement
Rehmannia,supplement
Reishi Mushroom,supplement
Relora & Magnolia Bark,supplement
Resveratrol,supplement
Retinol,supplement
Reuteri,supplement
Rhodiola,supplement
Rhodiola Rosea,supplement
Riboflavin,supplement
Riboflavin 5-Phosphate,supplement
Rice Protein,supplement
Rose Hips,supplement
Rosemary Supplements,supplement
Rubidium,supplement
Rutin,supplement
Saccharomyces Boulardii,supplement
Saffron Supplements,supplement
Sage Supplements,supplement
Sarsaparilla Root,supplement
Saw Palmetto,supplement
Schisandra,supplement
Schisandra Berry,supplement
Sea Buckthorn,supplement
Sea Moss,supplement
Selenium,supplement
Selenomethionine,supplement
Senna Leaves,supplement
Serine,supplement
Shatavari,supplement
Shiitake,supplement
Siberian Ginseng,supplement
Silica,supplement
Silicon,supplement
Silver,supplement
Slippery Elm,supplement
Sodium,supplement
Sodium Ascorbate,supplement
Sodium Molybdate,supplement
Sodium Selenite,supplement
Soursop,supplement
Soy Protein,supplement
Spermidine,supplement
Spirulina,supplement
Sports,supplement
Sports & Fitness Gifts,supplement
Sports Bars & Snacks,supplement
Sports Supplements,supplement
St Johns Wort,supplement
St. John's Wort,supplement
Stearic Acid,supplement
Strontium,supplement
Sulforaphane,supplement
Sulfur,supplement
Super Greens,supplement
Superfruit Blends,supplement
Synephrine,supplement
Tart Cherry & Black Cherry,supplement
Taurine,supplement
Theacrine,supplement
Thiamine,supplement
Thiamine HCL,supplement
Thiamine Mononitrate,supplement
Threonine,supplement
Time Release Melatonin,supplement
Tin,supplement
Tocopherol,supplement
Tocotrienols,supplement
Tongkat Ali,supplement
Trace Minerals,supplement
Tribulus,supplement
Tribulus Terrestris,supplement
Triphala,supplement
Tryptophan,supplement
Tulsi,supplement
Turkey Tail,supplement
Turmeric,supplement
Tyrosine,supplement
UC-II Collagen,supplement
Uva Ursi,supplement
Valerian,supplement
Valerian Root,supplement
Valine,supplement
Vanadium,supplement
Vinpocetine,supplement
Vitamin,supplement
Vitamin A,supplement
Vitamin A & D,supplement
Vitamin A Acetate,supplement
Vitamin A Palmitate,supplement
Vitamin B,supplement
Vitamin B1,supplement
Vitamin B12,supplement
Vitamin B2,supplement
Vitamin B3,supplement
Vitamin B5,supplement
Vitamin B6,supplement
Vitamin B7,supplement
Vitamin B9,supplement
Vitamin C,supplement
Vitamin D,supplement
Vitamin D2,supplement
Vitamin D3,supplement
Vitamin D3 & K2,supplement
Vitamin E,supplement
Vitamin K,supplement
Vitamin K1,supplement
Vitamin K2,supplement
Vitamins,supplement
Vitex,supplement
Whey Protein,supplement
White Willow Bark,supplement
Wild Yam,supplement
Wormwood,supplement
Yeast,supplement
Yellow Maca,supplement
Yerba Mate,supplement
Yerba Mate Supplements,supplement
Yohimbe,supplement
Yohimbine HCL,supplement
Zeaxanthin,supplement
